date,yield_10y,tp10_recursive_var,tp10_discounted_var,tp10_kim_wright,tp10_acm,longrun_level_recursive_var,longrun_level_discounted_var,sep_longrun_fed_funds
1991-12-31,6.71,-0.3373,-0.5317,2.0433,3.2404,7.2899,7.6829,
1992-01-31,7.31,0.4267,0.2424,2.3294,3.5658,7.2814,7.6677,
1992-02-28,7.27,0.492,0.3679,2.3343,3.374,7.2733,7.6532,
1992-03-31,7.54,0.9897,0.8828,2.4182,3.1514,7.2658,7.6396,
1992-04-30,7.61,1.227,1.124,2.5127,3.4815,7.2579,7.6255,
1992-05-29,7.33,1.0131,0.918,2.3726,3.4615,7.2496,7.6107,
1992-06-30,7.14,0.7921,0.6962,2.2968,3.7915,7.2409,7.5953,
1992-07-31,6.72,0.3364,0.2912,2.1499,3.5932,7.231,7.578,
1992-08-31,6.62,0.2435,0.1717,2.1254,3.9337,7.2208,7.5602,
1992-09-30,6.37,-0.0167,0.0122,2.0865,4.0099,7.2095,7.5407,
1992-10-30,6.8,0.4404,0.4838,2.236,3.5644,7.1996,7.5234,
1992-11-30,6.95,0.6874,0.7792,2.283,3.2772,7.1905,7.5075,
1992-12-31,6.7,0.7611,0.9222,2.1793,3.2015,7.1809,7.4907,
1993-01-29,6.39,0.6305,0.734,2.0471,3.2786,7.1707,7.473,
1993-02-26,6.03,0.1728,0.2353,1.8398,3.1379,7.1604,7.4552,
1993-03-31,6.03,0.1073,0.1908,1.8688,3.1683,7.1502,7.4375,
1993-04-30,6.05,0.1039,0.1812,1.8144,3.1924,7.1398,7.4196,
1993-05-28,6.16,0.0766,0.119,1.8189,2.9151,7.1305,7.4033,
1993-06-30,5.8,-0.2839,-0.2628,1.6232,2.6038,7.1208,7.3864,
1993-07-30,5.83,-0.1701,-0.1787,1.6369,2.4482,7.1113,7.37,
1993-08-31,5.45,-0.4666,-0.4855,1.4554,2.2749,7.1015,7.353,
1993-09-30,5.4,-0.4514,-0.5026,1.4421,2.161,7.0917,7.3362,
1993-10-29,5.43,-0.4131,-0.4904,1.4414,2.1351,7.0823,7.3198,
1993-11-30,5.83,-0.0528,-0.1455,1.6109,2.3837,7.0733,7.3042,
1993-12-31,5.83,-0.1087,-0.1595,1.6307,2.3923,7.0643,7.2887,
1994-01-31,5.7,-0.1575,-0.1954,1.5535,2.2347,7.0551,7.2728,
1994-02-28,6.15,0.2065,0.1563,1.7761,2.4961,7.0473,7.2591,
1994-03-31,6.77,0.7279,0.6725,2.0618,2.701,7.0407,7.2475,
1994-04-29,7.06,0.893,0.8285,2.1036,2.5885,7.0356,7.2383,
1994-05-31,7.17,0.8829,0.7907,2.0885,2.5664,7.0314,7.2305,
1994-06-30,7.34,0.9491,0.8478,2.1965,2.7721,7.0275,7.2233,
1994-07-29,7.12,0.7347,0.6431,2.0523,2.5135,7.0232,7.2155,
1994-08-31,7.19,0.7909,0.681,2.022,2.4464,7.0195,7.2086,
1994-09-30,7.62,1.0962,0.9863,2.2211,2.5827,7.0168,7.2034,
1994-10-31,7.81,1.1862,1.0792,2.2413,2.6076,7.0147,7.1991,
1994-11-30,7.91,1.1672,1.0679,2.2004,2.2096,7.0144,7.1979,
1994-12-30,7.84,0.9445,0.81,2.1267,1.9807,7.0149,7.1979,
1995-01-31,7.6,0.7268,0.5482,1.9862,1.9227,7.0145,7.1964,
1995-02-28,7.22,0.4742,0.3041,1.8119,1.9648,7.013,7.1933,
1995-03-31,7.2,0.4602,0.2949,1.8116,1.9383,7.0117,7.1904,
1995-04-28,7.07,0.3347,0.1865,1.7133,1.8336,7.01,7.1868,
1995-05-31,6.3,-0.3811,-0.5244,1.3336,1.5726,7.007,7.181,
1995-06-30,6.21,-0.3901,-0.5417,1.3357,1.4901,7.0036,7.1747,
1995-07-31,6.45,-0.1549,-0.3141,1.4682,1.6745,7.0003,7.1685,
1995-08-31,6.28,-0.3437,-0.5015,1.41,1.5198,6.9969,7.1623,
1995-09-29,6.17,-0.3883,-0.5487,1.3642,1.3525,6.9936,7.156,
1995-10-31,6.03,-0.4709,-0.6278,1.2475,1.3067,6.99,7.1495,
1995-11-30,5.76,-0.7307,-0.8804,1.1312,1.229,6.986,7.1421,
1995-12-29,5.58,-0.8676,-0.9996,1.11,1.1278,6.9816,7.1341,
1996-01-31,5.6,-0.7474,-0.8679,1.1084,1.3543,6.9765,7.125,
1996-02-29,6.13,-0.2637,-0.3943,1.3983,1.7022,6.9723,7.1172,
1996-03-29,6.34,-0.2072,-0.3298,1.5295,1.7315,6.9685,7.1103,
1996-04-30,6.66,0.1953,0.0729,1.6633,1.8537,6.9652,7.1042,
1996-05-31,6.85,0.3559,0.2431,1.7456,1.8521,6.9623,7.0988,
1996-06-28,6.73,0.2758,0.1492,1.6812,1.7772,6.9593,7.0931,
1996-07-31,6.8,0.3077,0.1742,1.6836,1.742,6.9566,7.088,
1996-08-30,6.96,0.4157,0.2937,1.7725,1.9488,6.9541,7.0833,
1996-09-30,6.72,0.1984,0.0826,1.6923,1.8146,6.9511,7.0777,
1996-10-31,6.37,-0.0905,-0.2069,1.4889,1.5936,6.9475,7.0711,
1996-11-29,6.06,-0.3499,-0.4607,1.3315,1.358,6.9437,7.0643,
1996-12-31,6.43,0.0261,-0.0835,1.4933,1.5024,6.9403,7.058,
1997-01-31,6.53,0.1226,0.0112,1.5719,1.6062,6.9371,7.052,
1997-02-28,6.56,0.1085,-0.0012,1.5954,1.5628,6.9341,7.0465,
1997-03-31,6.92,0.4779,0.3626,1.7496,1.7505,6.9319,7.0424,
1997-04-30,6.72,0.2342,0.1331,1.6686,1.6507,6.9295,7.0378,
1997-05-30,6.67,0.2476,0.1369,1.6779,1.6563,6.9268,7.0327,
1997-06-30,6.51,0.119,0.0102,1.5918,1.5311,6.9238,7.0273,
1997-07-31,6.02,-0.2674,-0.3754,1.3114,1.2114,6.9204,7.021,
1997-08-29,6.34,0.0689,-0.0497,1.4878,1.4598,6.9173,7.0153,
1997-09-30,6.12,-0.1656,-0.2749,1.412,1.3353,6.9139,7.0091,
1997-10-31,5.84,-0.3933,-0.5088,1.246,1.0948,6.9103,7.0026,
1997-11-28,5.86,-0.3968,-0.5286,1.2179,0.8927,6.9071,6.9967,
1997-12-31,5.75,-0.4971,-0.6214,1.1325,0.8492,6.9038,6.9908,
1998-01-30,5.53,-0.6821,-0.8016,1.0636,0.9617,6.9,6.9838,
1998-02-27,5.62,-0.6217,-0.7354,1.1171,0.8993,6.8965,6.9776,
1998-03-31,5.67,-0.5598,-0.6572,1.1632,0.8851,6.8931,6.9714,
1998-04-30,5.68,-0.5011,-0.5987,1.2027,1.028,6.8897,6.9652,
1998-05-29,5.56,-0.601,-0.7021,1.1235,0.8829,6.8863,6.9591,
1998-06-30,5.44,-0.7062,-0.7983,1.0657,0.7127,6.8829,6.9528,
1998-07-31,5.5,-0.6105,-0.7018,1.0868,0.744,6.8795,6.9466,
1998-08-31,5.05,-1.0075,-1.0826,0.8773,0.6524,6.8751,6.9388,
1998-09-30,4.44,-1.5797,-1.6434,0.6761,0.6226,6.8695,6.9288,
1998-10-30,4.64,-1.3545,-1.4537,0.7828,0.9887,6.8634,6.918,
1998-11-30,4.74,-1.3953,-1.5024,0.8203,0.6823,6.8581,6.9087,
1998-12-31,4.65,-1.4503,-1.4977,0.8337,0.7758,6.8529,6.8994,
1999-01-29,4.66,-1.2576,-1.2759,0.833,0.8209,6.8476,6.89,
1999-02-26,5.29,-0.6209,-0.6612,1.1395,1.0774,6.8432,6.8822,
1999-03-31,5.25,-0.6601,-0.6865,1.1684,1.2484,6.8385,6.8737,
1999-04-30,5.36,-0.4984,-0.5322,1.1542,1.2336,6.8339,6.8656,
1999-05-28,5.64,-0.2504,-0.2694,1.3286,1.2482,6.8297,6.8582,
1999-06-30,5.81,-0.0547,-0.0888,1.3809,1.5129,6.8258,6.8512,
1999-07-30,5.92,-0.0278,-0.0639,1.4629,1.4878,6.8221,6.8445,
1999-08-31,5.98,0.0111,-0.0324,1.447,1.6113,6.8187,6.8385,
1999-09-30,5.9,-0.1261,-0.1672,1.4546,1.6601,6.8152,6.8323,
1999-10-29,6.02,-0.0241,-0.0648,1.4613,1.611,6.8121,6.8268,
1999-11-30,6.18,0.0716,0.023,1.4522,1.6345,6.8097,6.8225,
1999-12-31,6.45,0.2073,0.1537,1.5763,1.7824,6.8079,6.8192,
2000-01-31,6.68,0.2854,0.2392,1.5888,1.3416,6.8067,6.8172,
2000-02-29,6.42,0.0337,0.0088,1.4812,1.1334,6.8054,6.8148,
2000-03-31,6.03,-0.1619,-0.19,1.2759,0.8017,6.8043,6.8128,
2000-04-28,6.23,0.1158,0.0776,1.3783,0.823,6.803,6.8106,
2000-05-31,6.29,0.2541,0.1559,1.3933,0.9484,6.8021,6.8089,
2000-06-30,6.03,-0.0743,-0.1946,1.2379,0.9203,6.8005,6.8061,
2000-07-31,6.04,-0.1093,-0.2414,1.1502,0.7708,6.799,6.8032,
2000-08-31,5.73,-0.5127,-0.606,1.0274,0.6643,6.7977,6.801,
2000-09-29,5.8,-0.4333,-0.5133,1.0438,0.9964,6.7962,6.7982,
2000-10-31,5.77,-0.5748,-0.6365,0.961,0.8268,6.7947,6.7956,
2000-11-30,5.48,-0.9154,-0.9698,0.8355,0.7163,6.7928,6.7923,
2000-12-29,5.12,-1.2846,-1.3109,0.7575,0.7748,6.7897,6.7867,
2001-01-31,5.19,-1.021,-1.0181,0.9386,1.119,6.785,6.7783,
2001-02-28,4.92,-1.1472,-1.0851,0.8932,1.0807,6.7801,6.7695,
2001-03-30,4.93,-0.9367,-0.8237,1.0054,1.3645,6.7744,6.7593,
2001-04-30,5.35,-0.3623,-0.2381,1.2719,1.69,6.7684,6.7486,
2001-05-31,5.43,-0.1799,-0.0656,1.387,1.8279,6.7617,6.7368,
2001-06-29,5.42,-0.1306,-0.0294,1.3742,1.8071,6.7553,6.7253,
2001-07-31,5.07,-0.4687,-0.3429,1.1931,1.6514,6.7485,6.7132,
2001-08-31,4.85,-0.632,-0.43,1.1432,1.5999,6.7415,6.7007,
2001-09-28,4.6,-0.6279,-0.3296,1.2208,2.0711,6.7326,6.6848,
2001-10-31,4.3,-0.6469,-0.2169,1.1313,1.9005,6.7228,6.6674,
2001-11-30,4.78,0.0045,0.427,1.4692,2.315,6.7131,6.65,
2001-12-31,5.07,0.2901,0.629,1.6605,2.3975,6.7036,6.6331,
2002-01-31,5.07,0.2961,0.5834,1.6086,2.2918,6.6945,6.6168,
2002-02-28,4.88,0.114,0.3832,1.529,2.3112,6.6852,6.6003,
2002-03-28,5.42,0.6133,0.8136,1.7972,2.4055,6.677,6.5857,
2002-04-30,5.11,0.2967,0.5033,1.6323,2.2626,6.6681,6.5698,
2002-05-31,5.08,0.3918,0.6072,1.5736,2.3979,6.6591,6.5539,
2002-06-28,4.86,0.0545,0.2919,1.4712,2.3557,6.6497,6.5371,
2002-07-31,4.51,-0.2391,0.0802,1.2541,2.4156,6.6397,6.5193,
2002-08-30,4.14,-0.6912,-0.2735,1.0562,2.1834,6.6297,6.5014,
2002-09-30,3.63,-1.2235,-0.8171,0.7929,2.0351,6.6192,6.4829,
2002-10-31,3.93,-1.0048,-0.6054,0.9538,2.3903,6.6087,6.4641,
2002-11-29,4.22,-0.7318,-0.2927,1.1939,2.3747,6.5984,6.4458,
2002-12-31,3.83,-0.9106,-0.4066,0.9418,2.2378,6.5877,6.4267,
2003-01-31,4.0,-0.5965,0.0279,1.0506,2.2076,6.577,6.4077,
2003-02-28,3.71,-0.7868,-0.1501,0.8748,2.0542,6.5662,6.3885,
2003-03-31,3.83,-0.6394,0.027,0.9628,2.1905,6.5553,6.3692,
2003-04-30,3.89,-0.5329,0.1947,0.9681,2.1501,6.5446,6.35,
2003-05-30,3.37,-1.0304,-0.3185,0.6507,1.8157,6.5337,6.3307,
2003-06-30,3.54,-0.8931,-0.1887,0.7835,1.9611,6.5228,6.3113,
2003-07-31,4.49,0.0716,0.7909,1.3074,2.7987,6.5122,6.2926,
2003-08-29,4.45,0.1414,0.862,1.331,2.534,6.5019,6.2744,
2003-09-30,3.96,-0.2066,0.5578,1.0319,2.3083,6.4912,6.2554,
2003-10-31,4.33,0.1059,0.8119,1.2303,2.4539,6.4809,6.2372,
2003-11-28,4.34,0.0444,0.6521,1.2404,2.3325,6.4708,6.2193,
2003-12-31,4.27,0.0454,0.6544,1.1962,2.3438,6.4605,6.201,
2004-01-30,4.16,0.0003,0.6269,1.1553,2.207,6.4502,6.1829,
2004-02-27,3.99,-0.1306,0.5442,1.0519,2.0904,6.4398,6.1646,
2004-03-31,3.86,-0.1907,0.5133,0.9577,2.0853,6.4295,6.1464,
2004-04-30,4.53,0.3089,0.8919,1.3634,2.3054,6.4199,6.1295,
2004-05-28,4.66,0.2939,0.7496,1.4072,2.3109,6.4109,6.1137,
2004-06-30,4.62,0.1532,0.5715,1.3252,2.1393,6.4024,6.099,
2004-07-30,4.5,-0.0394,0.3789,1.2436,2.0081,6.3941,6.0844,
2004-08-31,4.13,-0.3994,0.0392,1.0064,1.8091,6.3854,6.0695,
2004-09-30,4.14,-0.4106,0.0309,0.9459,1.6332,6.3773,6.0554,
2004-10-29,4.05,-0.6346,-0.2153,0.8747,1.5515,6.3693,6.0416,
2004-11-30,4.36,-0.3933,0.0167,0.9718,1.5543,6.3621,6.0291,
2004-12-31,4.24,-0.6132,-0.2371,0.9007,1.3318,6.3551,6.0172,
2005-01-31,4.14,-0.7439,-0.3673,0.8181,0.9682,6.3485,6.006,
2005-02-28,4.36,-0.5402,-0.1846,0.88,0.9383,6.3424,5.9958,
2005-03-31,4.5,-0.4507,-0.1273,0.9607,0.9556,6.3367,5.9862,
2005-04-29,4.21,-0.7581,-0.4563,0.7671,0.7088,6.3309,5.9766,
2005-05-31,4.0,-0.9545,-0.6349,0.6627,0.4949,6.3251,5.9669,
2005-06-30,3.94,-1.0168,-0.7091,0.5871,0.338,6.3196,5.9578,
2005-07-29,4.28,-0.7929,-0.5185,0.7044,0.4091,6.3148,5.95,
2005-08-31,4.02,-1.1218,-0.8392,0.5631,0.2534,6.3099,5.9421,
2005-09-30,4.34,-0.8079,-0.5537,0.7118,0.4298,6.3055,5.9351,
2005-10-31,4.57,-0.7633,-0.5491,0.7687,0.509,6.3017,5.9292,
2005-11-30,4.49,-0.8909,-0.6538,0.7245,0.4809,6.298,5.9235,
2005-12-30,4.39,-0.956,-0.7133,0.6442,0.2205,6.2944,5.9179,
2006-01-31,4.53,-0.8529,-0.6235,0.6515,0.2694,6.2912,5.9131,
2006-02-28,4.55,-0.9319,-0.7021,0.6567,0.134,6.2882,5.9088,
2006-03-31,4.86,-0.6245,-0.4242,0.7891,0.4672,6.2854,5.9049,
2006-04-28,5.07,-0.5088,-0.3176,0.8508,0.7095,6.2828,5.9013,
2006-05-31,5.12,-0.5676,-0.3687,0.8681,0.6687,6.2806,5.8983,
2006-06-30,5.15,-0.6004,-0.4093,0.8508,0.5807,6.2786,5.8958,
2006-07-31,4.99,-0.7918,-0.5993,0.7454,0.5095,6.2764,5.893,
2006-08-31,4.74,-0.9971,-0.775,0.6325,0.3592,6.274,5.8898,
2006-09-29,4.64,-1.0098,-0.756,0.5975,0.2942,6.2715,5.8863,
2006-10-31,4.61,-1.0289,-0.7847,0.5596,0.253,6.2691,5.8831,
2006-11-30,4.46,-1.2032,-0.9541,0.4861,0.1498,6.2666,5.8797,
2006-12-29,4.71,-0.9234,-0.6794,0.6177,0.2944,6.2643,5.8766,
2007-01-31,4.83,-0.8322,-0.6053,0.6744,0.3227,6.2621,5.8738,
2007-02-28,4.56,-1.0935,-0.8538,0.5149,0.2709,6.2597,5.8705,
2007-03-30,4.65,-0.9533,-0.6895,0.5768,0.4357,6.2572,5.8671,
2007-04-30,4.63,-1.0123,-0.751,0.5847,0.3919,6.2547,5.8636,
2007-05-31,4.9,-0.7821,-0.5411,0.7563,0.4462,6.2523,5.8603,
2007-06-29,5.03,-0.6204,-0.4052,0.8435,0.6307,6.2498,5.857,
2007-07-31,4.78,-0.8495,-0.6208,0.6747,0.6193,6.2473,5.8534,
2007-08-31,4.54,-1.0007,-0.7116,0.7131,0.7685,6.2435,5.8475,
2007-09-28,4.59,-0.7802,-0.4855,0.773,0.9674,6.2395,5.8411,
2007-10-31,4.48,-0.8577,-0.5151,0.6847,0.8688,6.2355,5.8347,
2007-11-30,3.97,-1.1717,-0.7726,0.5911,1.1073,6.2301,5.8256,
2007-12-31,4.04,-0.9205,-0.4632,0.5981,1.2355,6.2249,5.8168,
2008-01-31,3.67,-1.1548,-0.6157,0.6225,1.5521,6.2175,5.8037,
2008-02-29,3.53,-0.8807,-0.306,0.6181,1.8011,6.2094,5.7894,
2008-03-31,3.45,-0.8864,-0.2426,0.6515,1.924,6.201,5.7744,
2008-04-30,3.77,-0.4737,0.0822,0.8545,1.5643,6.1932,5.7606,
2008-05-30,4.06,-0.2913,0.1438,0.9559,1.5735,6.1861,5.7481,
2008-06-30,3.99,-0.438,-0.0305,0.8904,1.4376,6.1792,5.7362,
2008-07-31,3.99,-0.4564,-0.0408,0.9109,1.5772,6.1722,5.724,
2008-08-29,3.83,-0.6351,-0.2006,0.7875,1.5473,6.1651,5.7115,
2008-09-30,3.85,-0.4557,0.0579,0.9242,2.0282,6.1573,5.6976,
2008-10-31,4.01,-0.0176,0.6032,1.2185,3.4394,6.1487,5.6823,
2008-11-28,2.93,-0.8598,-0.1818,0.7475,2.3881,6.1394,5.6655,
2008-12-31,2.25,-1.2297,-0.5631,0.393,1.4621,6.1291,5.6469,
2009-01-30,2.87,-0.5183,0.0236,0.719,2.224,6.1192,5.6289,
2009-02-27,3.02,-0.6816,-0.1209,0.7636,2.2513,6.1096,5.6117,
2009-03-31,2.71,-0.9693,-0.3575,0.5283,1.6958,6.0999,5.5941,
2009-04-30,3.16,-0.4992,0.084,0.78,2.1476,6.09,5.5762,
2009-05-29,3.47,-0.1508,0.5182,0.9989,2.6055,6.0801,5.5584,
2009-06-30,3.53,0.2038,0.9329,1.0322,2.3661,6.0704,5.5409,
2009-07-31,3.52,0.3162,0.9862,1.049,2.2785,6.0606,5.5233,
2009-08-31,3.4,0.2784,0.948,0.9688,2.2647,6.0508,5.5055,
2009-09-30,3.31,0.2327,0.9175,0.9012,2.1042,6.0409,5.4877,
2009-10-30,3.41,0.316,0.986,0.9519,2.2477,6.0311,5.4699,
2009-11-30,3.21,0.0933,0.7989,0.7964,2.2295,6.021,5.4518,
2009-12-31,3.85,0.7078,1.3934,1.1347,2.5488,6.0114,5.4344,
2010-01-29,3.63,0.4345,1.0725,1.0065,2.5279,6.0015,5.4166,
2010-02-26,3.61,0.4243,1.0578,0.9873,2.5702,5.9917,5.3989,
2010-03-31,3.84,0.5594,1.1501,1.0908,2.5332,5.982,5.3816,
2010-04-30,3.69,0.3754,0.9572,1.0051,2.3253,5.9724,5.3643,
2010-05-28,3.31,0.0712,0.6944,0.807,2.0472,5.9627,5.3469,
2010-06-30,2.97,-0.1922,0.4879,0.6169,1.7839,5.953,5.3295,
2010-07-30,2.94,-0.2136,0.4929,0.5591,1.9073,5.9433,5.312,
2010-08-31,2.47,-0.7728,-0.0664,0.323,1.2582,5.9336,5.2945,
2010-09-30,2.53,-0.7161,-0.0133,0.3129,1.4578,5.9239,5.2772,
2010-10-29,2.63,-0.6948,0.0368,0.3436,1.783,5.9142,5.2597,
2010-11-30,2.81,-0.545,0.2148,0.4543,1.8247,5.9045,5.2425,
2010-12-31,3.3,0.1495,0.9692,0.7701,2.14,5.895,5.2254,
2011-01-31,3.42,0.4654,1.2298,0.7728,2.4199,5.8854,5.2083,
2011-02-28,3.42,0.4307,1.1161,0.8288,2.159,5.8759,5.1912,
2011-03-31,3.47,0.5191,1.159,0.8735,2.1328,5.8664,5.1743,
2011-04-29,3.32,0.4527,1.1479,0.7799,2.2328,5.8569,5.1573,
2011-05-31,3.05,0.2577,1.0068,0.6062,2.0826,5.8473,5.1402,
2011-06-30,3.18,0.3678,1.1245,0.6537,2.2887,5.8378,5.1232,
2011-07-29,2.82,-0.0514,0.6779,0.458,1.9803,5.8283,5.1063,
2011-08-31,2.23,-0.7135,0.0167,0.1409,1.2562,5.8187,5.0891,
2011-09-30,1.92,-0.963,-0.2012,0.043,0.6382,5.8092,5.0721,
2011-10-31,2.17,-0.6504,0.144,0.1603,1.0348,5.7997,5.0551,
2011-11-30,2.08,-0.77,0.0654,0.0693,0.8852,5.7902,5.0382,
2011-12-30,1.89,-0.9462,-0.1246,-0.004,0.5852,5.7808,5.0214,
2012-01-31,1.83,-1.0626,-0.2646,-0.0661,0.5782,5.7713,5.0046,4.3
2012-02-29,1.98,-1.0005,-0.2004,-0.0064,0.6694,5.7621,4.9881,4.3
2012-03-30,2.23,-0.7501,0.0644,0.1337,1.0024,5.7528,4.9718,4.3
2012-04-30,1.95,-0.9931,-0.1786,-0.0204,0.6723,5.7436,4.9555,4.3
2012-05-31,1.59,-1.333,-0.5331,-0.179,0.0584,5.7344,4.9392,4.3
2012-06-29,1.67,-1.2481,-0.4626,-0.1621,0.1462,5.7253,4.923,4.3
2012-07-31,1.51,-1.4051,-0.5599,-0.2371,0.0432,5.7161,4.9068,4.3
2012-08-31,1.57,-1.2703,-0.4125,-0.2029,0.1404,5.707,4.8906,4.3
2012-09-28,1.65,-1.2445,-0.398,-0.1891,0.2384,5.6979,4.8746,4.0
2012-10-31,1.72,-1.1763,-0.3259,-0.1357,0.2596,5.6889,4.8586,4.0
2012-11-30,1.62,-1.2613,-0.4457,-0.1971,0.1702,5.6799,4.8427,4.0
2012-12-31,1.78,-1.1214,-0.2875,-0.1174,0.384,5.6708,4.8268,4.0
2013-01-31,2.02,-0.8029,0.0648,0.0066,0.724,5.6618,4.8109,4.0
2013-02-28,1.89,-0.881,-0.0328,-0.0646,0.6094,5.6529,4.7952,4.0
2013-03-28,1.87,-0.8989,-0.0729,-0.0693,0.5483,5.6439,4.7794,4.0
2013-04-30,1.7,-1.0407,-0.2159,-0.1508,0.3222,5.6349,4.7636,4.0
2013-05-31,2.16,-0.5302,0.3151,0.104,0.8658,5.626,4.7479,4.0
2013-06-28,2.52,-0.0459,0.842,0.3272,1.1612,5.6172,4.7324,4.0
2013-07-31,2.6,0.2564,1.1221,0.367,1.4237,5.6083,4.7167,4.0
2013-08-30,2.78,0.4467,1.2514,0.492,1.4711,5.5994,4.7012,4.0
2013-09-30,2.64,0.3028,1.0597,0.3935,1.4627,5.5906,4.6857,4.0
2013-10-31,2.57,0.1949,0.9571,0.3334,1.426,5.5818,4.6702,4.0
2013-11-29,2.75,0.3575,1.1296,0.4156,1.7685,5.573,4.6549,4.0
2013-12-31,3.04,0.709,1.4943,0.5992,1.8606,5.5643,4.6396,4.0
2014-01-31,2.67,0.4671,1.2008,0.4404,1.3967,5.5555,4.6243,4.0
2014-02-28,2.66,0.4235,1.1428,0.4227,1.3303,5.5469,4.6091,4.0
2014-03-31,2.73,0.5291,1.2642,0.4991,1.1451,5.5382,4.5941,4.0
2014-04-30,2.67,0.5296,1.2585,0.4801,1.0772,5.5296,4.579,4.0
2014-05-30,2.48,0.3795,1.1227,0.361,0.8688,5.5209,4.5639,4.0
2014-06-30,2.53,0.4202,1.1663,0.4043,0.8578,5.5123,4.549,3.8
2014-07-31,2.58,0.4383,1.1749,0.4476,0.7063,5.5038,4.5341,3.8
2014-08-29,2.35,0.2361,0.9796,0.3473,0.4344,5.4952,4.5192,3.8
2014-09-30,2.52,0.4596,1.2157,0.4476,0.5631,5.4868,4.5044,3.8
2014-10-31,2.35,0.2619,1.0244,0.347,0.4762,5.4783,4.4897,3.8
2014-11-28,2.18,0.1203,0.8977,0.271,0.2637,5.4699,4.4751,3.8
2014-12-31,2.17,0.0624,0.8169,0.2808,0.0315,5.4617,4.461,3.8
2015-01-30,1.68,-0.4865,0.2768,0.0276,-0.2785,5.4534,4.4466,3.8
2015-02-27,2.0,-0.148,0.6547,0.1994,-0.0674,5.4452,4.4325,3.8
2015-03-31,1.94,-0.2403,0.5734,0.132,-0.046,5.437,4.4185,3.8
2015-04-30,2.05,-0.0996,0.7288,0.1857,0.1369,5.4289,4.4046,3.8
2015-05-29,2.12,-0.02,0.7904,0.2382,0.2385,5.4209,4.3907,3.8
2015-06-30,2.35,0.217,1.0111,0.3468,0.4794,5.4129,4.377,3.8
2015-07-31,2.2,0.0523,0.8131,0.2605,0.2393,5.4049,4.3635,3.8
2015-08-31,2.21,-0.0179,0.6979,0.2484,0.254,5.3972,4.3503,3.8
2015-09-30,2.06,-0.2787,0.4452,0.1762,0.1918,5.3893,4.3369,3.5
2015-10-30,2.16,-0.1397,0.613,0.224,0.1715,5.3815,4.3236,3.5
2015-11-30,2.21,-0.1325,0.5823,0.2441,0.1199,5.374,4.3109,3.5
2015-12-31,2.27,-0.1816,0.5228,0.2776,0.1002,5.3667,4.2987,3.5
2016-01-29,1.94,-0.4346,0.3029,0.0528,-0.0343,5.3591,4.286,3.5
2016-02-29,1.74,-0.6257,0.1308,-0.0465,-0.2606,5.3518,4.2738,3.5
2016-03-31,1.78,-0.621,0.1637,-0.0181,-0.1846,5.3445,4.2616,3.3
2016-04-29,1.83,-0.5177,0.2717,0.0066,-0.201,5.3372,4.2493,3.3
2016-05-31,1.84,-0.5227,0.2357,0.01,-0.3021,5.33,4.2374,3.3
2016-06-30,1.49,-0.8433,-0.0554,-0.1822,-0.5304,5.3226,4.2249,3.0
2016-07-29,1.46,-0.7486,0.0556,-0.1857,-0.6334,5.3152,4.2125,3.0
2016-08-31,1.58,-0.7087,0.0733,-0.1271,-0.6347,5.308,4.2006,3.0
2016-09-30,1.6,-0.7251,0.0455,-0.1248,-0.5403,5.3009,4.1887,2.9
2016-10-31,1.84,-0.5191,0.2391,-0.0099,-0.2923,5.2938,4.177,2.9
2016-11-30,2.37,-0.0698,0.6509,0.2725,0.1243,5.287,4.1658,2.9
2016-12-30,2.45,-0.0317,0.6479,0.3322,0.1758,5.2803,4.1549,3.0
2017-01-31,2.45,0.0081,0.665,0.317,0.1683,5.2736,4.1439,3.0
2017-02-28,2.36,-0.1142,0.5273,0.2697,0.0063,5.2669,4.1331,3.0
2017-03-31,2.4,-0.1067,0.5354,0.2325,-0.013,5.2605,4.1229,3.0
2017-04-28,2.29,-0.2092,0.4469,0.1504,-0.0989,5.2542,4.1128,3.0
2017-05-31,2.21,-0.3593,0.2793,0.0803,-0.2169,5.2481,4.1031,3.0
2017-06-30,2.31,-0.3451,0.2985,0.1051,-0.1806,5.2421,4.0937,3.0
2017-07-31,2.3,-0.3479,0.294,0.097,-0.1374,5.236,4.0843,3.0
2017-08-31,2.12,-0.5376,0.1015,0.0187,-0.3393,5.23,4.0749,3.0
2017-09-29,2.33,-0.3733,0.2552,0.1117,-0.2235,5.2242,4.0658,2.8
2017-10-31,2.38,-0.3846,0.2279,0.1347,-0.2739,5.2185,4.0571,2.8
2017-11-30,2.42,-0.4154,0.1657,0.129,-0.3662,5.2132,4.0491,2.8
2017-12-29,2.4,-0.5282,0.0297,0.1233,-0.4847,5.208,4.0416,2.8
2018-01-31,2.72,-0.2577,0.2605,0.2742,-0.3544,5.2031,4.0346,2.8
2018-02-28,2.87,-0.2675,0.2064,0.321,-0.2155,5.1985,4.0281,2.8
2018-03-29,2.74,-0.4787,-0.004,0.235,-0.4198,5.1939,4.0218,2.9
2018-04-30,2.95,-0.3214,0.1225,0.3293,-0.3533,5.1895,4.0159,2.9
2018-05-31,2.83,-0.553,-0.1109,0.2481,-0.4265,5.1851,4.0101,2.9
2018-06-29,2.85,-0.53,-0.099,0.2603,-0.393,5.1809,4.0046,2.9
2018-07-31,2.96,-0.5304,-0.1251,0.2979,-0.3822,5.1769,3.9994,2.9
2018-08-31,2.86,-0.7163,-0.3123,0.2206,-0.4659,5.1729,3.9944,2.9
2018-09-28,3.05,-0.5666,-0.1601,0.3096,-0.358,5.1691,3.9898,3.0
2018-10-31,3.15,-0.5557,-0.1553,0.316,-0.2311,5.1654,3.9856,3.0
2018-11-30,3.01,-0.7555,-0.332,0.238,-0.3879,5.1618,3.9814,3.0
2018-12-31,2.69,-1.0373,-0.5494,0.0497,-0.5443,5.1581,3.977,2.8
2019-01-31,2.63,-0.9045,-0.3755,0.0182,-0.6038,5.1543,3.9723,2.8
2019-02-28,2.73,-0.8612,-0.367,0.052,-0.5315,5.1505,3.9676,2.8
2019-03-29,2.41,-1.1781,-0.6533,-0.105,-0.7233,5.1465,3.9625,2.8
2019-04-30,2.51,-0.904,-0.3605,-0.0546,-0.5712,5.1425,3.9574,2.8
2019-05-31,2.14,-1.249,-0.6745,-0.2298,-0.8297,5.1382,3.9517,2.8
2019-06-28,2.0,-1.1641,-0.5481,-0.268,-0.8265,5.1336,3.9451,2.5
2019-07-31,2.02,-1.0667,-0.4864,-0.2398,-0.9358,5.129,3.9388,2.5
2019-08-30,1.5,-1.6013,-0.9727,-0.4838,-1.2963,5.1242,3.9317,2.5
2019-09-30,1.68,-1.1809,-0.5438,-0.3677,-1.1634,5.1193,3.9246,2.5
2019-10-31,1.69,-1.2033,-0.5833,-0.2973,-1.0559,5.1141,3.9168,2.5
2019-11-29,1.78,-1.0951,-0.4988,-0.2569,-1.0135,5.1091,3.9093,2.5
2019-12-31,1.92,-0.9584,-0.3397,-0.1876,-0.7909,5.104,3.9017,2.5
2020-01-31,1.51,-1.2626,-0.5982,-0.3998,-1.1259,5.0988,3.8938,2.5
2020-02-28,1.13,-1.3888,-0.6259,-0.5573,-1.2898,5.0929,3.8843,2.5
2020-03-31,0.7,-1.4056,-0.5144,-0.5203,-1.2052,5.0858,3.8723,2.5
2020-04-30,0.64,-1.1146,-0.1759,-0.5691,-1.2988,5.0788,3.8602,2.5
2020-05-29,0.65,-1.031,-0.0814,-0.5904,-1.2551,5.0718,3.8483,2.5
2020-06-30,0.66,-0.9939,-0.0681,-0.6055,-1.2326,5.0648,3.8364,2.5
2020-07-31,0.55,-1.0996,-0.1681,-0.6471,-1.3768,5.0577,3.8243,2.5
2020-08-31,0.72,-0.897,0.0178,-0.5781,-1.1154,5.0507,3.8123,2.5
2020-09-30,0.69,-0.9837,-0.0882,-0.5978,-1.1819,5.0437,3.8004,2.5
2020-10-30,0.88,-0.7812,0.1012,-0.5045,-0.9199,5.0368,3.7885,2.5
2020-11-30,0.84,-0.8296,0.0319,-0.5084,-0.9726,5.0298,3.7766,2.5
2020-12-31,0.93,-0.7384,0.1018,-0.4849,-0.8174,5.0228,3.7648,2.5
2021-01-29,1.11,-0.6003,0.2303,-0.4041,-0.5366,5.0159,3.7529,2.5
2021-02-26,1.44,-0.2448,0.5757,-0.1807,-0.1154,5.0089,3.7411,2.5
2021-03-31,1.74,0.1652,0.931,-0.0374,0.2894,5.002,3.7293,2.5
2021-04-30,1.65,0.0782,0.7795,-0.0826,0.1565,4.995,3.7174,2.5
2021-05-28,1.58,-0.0351,0.6366,-0.1156,0.1272,4.9881,3.7056,2.5
2021-06-30,1.45,-0.1795,0.4952,-0.1466,-0.2761,4.9812,3.6939,2.5
2021-07-30,1.24,-0.3679,0.3085,-0.268,-0.4972,4.9743,3.6822,2.5
2021-08-31,1.3,-0.2672,0.453,-0.2339,-0.4921,4.9675,3.6706,2.5
2021-09-30,1.52,-0.0084,0.7105,-0.1031,-0.3154,4.9607,3.6591,2.5
2021-10-29,1.55,0.0347,0.7157,-0.0441,-0.483,4.954,3.6478,2.5
2021-11-30,1.43,-0.0944,0.5394,-0.0822,-0.7249,4.9474,3.6369,2.5
2021-12-31,1.52,-0.0937,0.5275,-0.0588,-0.6826,4.9411,3.6264,2.5
2022-01-31,1.79,-0.0184,0.5418,0.0721,-0.6611,4.9353,3.6173,2.5
2022-02-28,1.83,-0.2802,0.2168,0.0768,-0.7967,4.9299,3.6089,2.5
2022-03-31,2.32,-0.1789,0.1795,0.32,-0.863,4.9253,3.6026,2.4
2022-04-29,2.89,-0.1522,0.1373,0.534,-0.3953,4.9214,3.5978,2.4
2022-05-31,2.85,-0.2746,0.1388,0.4417,-0.3863,4.9175,3.5929,2.4
2022-06-30,2.98,-0.1911,0.185,0.389,-0.348,4.9146,3.5904,2.5
2022-07-29,2.67,-0.8146,-0.3763,0.0544,-0.8784,4.9119,3.5884,2.5
2022-08-31,3.15,-0.4986,-0.0561,0.2419,-0.7583,4.91,3.5881,2.5
2022-09-30,3.83,-0.3307,-0.001,0.5169,-0.5141,4.9088,3.5896,2.5
2022-10-31,4.1,-0.5289,-0.2234,0.5055,-0.2038,4.9085,3.593,2.5
2022-11-30,3.68,-1.0437,-0.566,0.1996,-0.7517,4.9082,3.5967,2.5
2022-12-30,3.88,-0.7911,-0.2167,0.2801,-0.581,4.908,3.6003,2.5
2023-01-31,3.52,-1.1696,-0.5443,0.0255,-0.8029,4.9077,3.6038,2.5
2023-02-28,3.92,-0.7466,-0.2122,0.258,-0.4975,4.9078,3.6083,2.5
2023-03-31,3.48,-1.4085,-0.8335,0.0305,-0.7326,4.9075,3.6116,2.5
2023-04-28,3.44,-1.0166,-0.3494,-0.0635,-0.7443,4.9073,3.6154,2.5
2023-05-31,3.64,-0.9534,-0.318,-0.0186,-0.6918,4.9077,3.6204,2.5
2023-06-30,3.81,-1.0664,-0.5557,0.1019,-0.7715,4.9084,3.626,2.5
2023-07-31,3.97,-1.1041,-0.6769,0.1462,-0.6357,4.909,3.6316,2.5
2023-08-31,4.09,-1.0059,-0.5126,0.2064,-0.52,4.9096,3.6371,2.5
2023-09-29,4.59,-0.5431,-0.0134,0.47,0.1432,4.9104,3.6429,2.5
2023-10-31,4.88,-0.2915,0.2997,0.6231,0.3998,4.9111,3.6486,2.5
2023-11-30,4.37,-0.6807,-0.0714,0.3449,0.0484,4.9114,3.6535,2.5
2023-12-29,3.88,-0.9726,-0.3157,0.0917,-0.3445,4.9113,3.6571,2.5
2024-01-31,3.99,-0.6393,0.0258,0.1709,-0.2131,4.911,3.6605,2.5
2024-02-29,4.25,-0.4544,0.151,0.3095,-0.1662,4.9111,3.6648,2.5
2024-03-28,4.2,-0.6939,-0.1461,0.2732,-0.2727,4.9113,3.6691,2.6
2024-04-30,4.69,-0.2259,0.2964,0.5251,-0.0424,4.9118,3.6741,2.6
2024-05-31,4.51,-0.5862,-0.0827,0.4418,-0.0024,4.9121,3.6789,2.6
2024-06-28,4.36,-0.6341,-0.0982,0.3312,-0.132,4.9123,3.6834,2.8
2024-07-31,4.09,-0.8034,-0.1993,0.2197,-0.1224,4.9121,3.6867,2.8
2024-08-30,3.91,-0.6882,-0.0232,0.148,-0.1348,4.9114,3.6889,2.8
2024-09-30,3.81,-0.5646,0.1134,0.1945,-0.1193,4.9102,3.6898,2.9
2024-10-31,4.28,0.0228,0.6164,0.489,0.1564,4.9093,3.6916,2.9
2024-11-29,4.18,-0.3124,0.1735,0.4489,0.0752,4.9085,3.6936,2.9
2024-12-31,4.58,0.0905,0.5795,0.6872,0.4745,4.9075,3.695,3.0
2025-01-31,4.58,0.134,0.6169,0.6836,0.4844,4.9065,3.6965,3.0
2025-02-28,4.24,-0.2086,0.2667,0.5063,0.2541,4.9054,3.6978,3.0
2025-03-31,4.23,-0.1083,0.3912,0.4988,0.3637,4.9043,3.6988,3.0
2025-04-30,4.17,-0.1,0.4372,0.435,0.5872,4.9029,3.6993,3.0
2025-05-30,4.41,0.2611,0.8742,0.5515,0.7335,4.9019,3.7006,3.0
2025-06-30,4.24,-0.1112,0.5111,0.4603,0.6176,4.9006,3.7014,3.0
2025-07-31,4.37,0.1376,0.771,0.5262,0.6268,4.8996,3.7027,3.0
2025-08-29,4.23,-0.1164,0.5125,0.4727,0.7688,4.8982,3.7031,3.0
2025-09-30,4.16,-0.0084,0.6822,0.5031,0.6071,4.8966,3.703,3.0
2025-10-31,4.11,-0.0075,0.6002,0.4975,0.5588,4.895,3.703,3.0
2025-11-28,4.02,-0.0917,0.4922,0.4507,0.5782,4.8934,3.7027,3.0
2025-12-31,4.18,0.1313,0.7197,0.571,0.7478,4.8915,3.702,3.0
2026-01-30,4.26,0.2467,0.8104,0.6148,0.7622,4.8897,3.7013,3.0
2026-02-27,3.97,-0.0616,0.49,0.4627,0.5915,4.8878,3.7006,3.0
2026-03-31,4.3,0.2918,0.8656,0.654,0.6491,4.8863,3.7005,3.1
2026-04-30,4.4,0.1827,0.7161,0.7038,0.7145,4.8848,3.7006,3.1
2026-05-29,4.45,0.1899,0.7189,0.7541,0.6607,4.8834,3.7009,3.1
2026-06-30,4.44,0.0744,0.58,0.6967,0.5062,4.8822,3.7017,3.1
2026-07-31,4.75,0.3244,0.8235,0.8681,0.8332,4.8811,3.7029,3.1
2026-08-31,4.75,0.284,0.7858,0.8803,0.7594,4.8802,3.7044,3.1
2026-09-30,5.29,0.7407,1.2113,1.0773,0.885,4.8798,3.707,3.2
2026-10-05,5.31,0.4716,0.8986,1.0847,0.9621,4.8793,3.7094,3.2
